{
  "report_wildfire": {
    "precision": 0.8461538461538461,
    "recall": 0.88,
    "f1-score": 0.8627450980392156,
    "support": 25,
    "confused_with": {
      "inform_fire_nearby": 2,
      "inform_hazard_fire": 1
    }
  },
  "inform_temp_dangerous": {
    "precision": 0.47368421052631576,
    "recall": 0.6,
    "f1-score": 0.5294117647058824,
    "support": 15,
    "confused_with": {
      "inform_temp_uncomfortable": 2,
      "inform_smoke_none": 1
    }
  },
  "inform_hazard_gas": {
    "precision": 0.9375,
    "recall": 1.0,
    "f1-score": 0.967741935483871,
    "support": 15,
    "confused_with": {}
  },
  "request_general_info": {
    "precision": 0.7647058823529411,
    "recall": 0.7222222222222222,
    "f1-score": 0.7428571428571428,
    "support": 18,
    "confused_with": {
      "report_emergency": 3,
      "request_warnings": 1
    }
  },
  "request_emergency_numbers": {
    "precision": 0.8666666666666667,
    "recall": 0.8666666666666667,
    "f1-score": 0.8666666666666667,
    "support": 15,
    "confused_with": {
      "report_emergency": 1,
      "out_of_scope": 1
    }
  },
  "inform_medical_injured": {
    "precision": 0.6190476190476191,
    "recall": 0.52,
    "f1-score": 0.5652173913043478,
    "support": 25,
    "confused_with": {
      "inform_medical_none": 5,
      "inform_medical_critical": 2
    }
  },
  "request_evacuation_info": {
    "precision": 0.8666666666666667,
    "recall": 0.8666666666666667,
    "f1-score": 0.8666666666666667,
    "support": 15,
    "confused_with": {
      "report_safe": 1,
      "inform_fire_none": 1
    }
  },
  "report_emergency": {
    "precision": 0.7096774193548387,
    "recall": 0.7333333333333333,
    "f1-score": 0.7213114754098361,
    "support": 30,
    "confused_with": {
      "inform_medical_critical": 2,
      "inform_building_high": 1
    }
  },
  "deny": {
    "precision": 0.6842105263157895,
    "recall": 0.5416666666666666,
    "f1-score": 0.6046511627906976,
    "support": 24,
    "confused_with": {
      "affirm": 6,
      "report_trapped": 1
    }
  },
  "inform_trend_stable": {
    "precision": 0.8571428571428571,
    "recall": 0.4,
    "f1-score": 0.5454545454545455,
    "support": 15,
    "confused_with": {
      "inform_floor_basement": 2,
      "deny": 2
    }
  },
  "inform_temp_uncomfortable": {
    "precision": 0.5833333333333334,
    "recall": 0.4666666666666667,
    "f1-score": 0.5185185185185186,
    "support": 15,
    "confused_with": {
      "inform_temp_normal": 4,
      "inform_temp_dangerous": 3
    }
  },
  "greet": {
    "precision": 0.625,
    "recall": 0.5,
    "f1-score": 0.5555555555555556,
    "support": 10,
    "confused_with": {
      "goodbye": 2,
      "thank": 1
    }
  },
  "report_outage": {
    "precision": 0.84,
    "recall": 0.84,
    "f1-score": 0.8399999999999999,
    "support": 25,
    "confused_with": {
      "request_warnings": 1,
      "inform_trend_stable": 1
    }
  },
  "out_of_scope": {
    "precision": 0.8,
    "recall": 0.4,
    "f1-score": 0.5333333333333333,
    "support": 10,
    "confused_with": {
      "request_general_info": 1,
      "request_emergency_numbers": 1
    }
  },
  "inform_temp_normal": {
    "precision": 0.42857142857142855,
    "recall": 0.6,
    "f1-score": 0.5,
    "support": 15,
    "confused_with": {
      "inform_temp_uncomfortable": 2,
      "inform_smoke_slight": 1
    }
  },
  "request_supply": {
    "precision": 1.0,
    "recall": 0.8666666666666667,
    "f1-score": 0.9285714285714286,
    "support": 15,
    "confused_with": {
      "inform_medical_medications": 1,
      "inform_temp_normal": 1
    }
  },
  "inform_medical_none": {
    "precision": 0.6,
    "recall": 0.72,
    "f1-score": 0.6545454545454547,
    "support": 25,
    "confused_with": {
      "inform_medical_injured": 4,
      "report_emergency": 2
    }
  },
  "inform_building_high": {
    "precision": 0.6153846153846154,
    "recall": 0.5333333333333333,
    "f1-score": 0.5714285714285715,
    "support": 15,
    "confused_with": {
      "inform_building_ground": 4,
      "inform_building_mid": 2
    }
  },
  "thank": {
    "precision": 0.9166666666666666,
    "recall": 0.9166666666666666,
    "f1-score": 0.9166666666666666,
    "support": 24,
    "confused_with": {
      "inform_temp_normal": 1,
      "greet": 1
    }
  },
  "inform_hazard_fire": {
    "precision": 0.8125,
    "recall": 0.8666666666666667,
    "f1-score": 0.8387096774193549,
    "support": 15,
    "confused_with": {
      "report_wildfire": 1,
      "inform_fire_nearby": 1
    }
  },
  "inform_water_30_60cm": {
    "precision": 0.4,
    "recall": 0.4,
    "f1-score": 0.4000000000000001,
    "support": 15,
    "confused_with": {
      "inform_water_10_30cm": 6,
      "inform_water_above_60cm": 1
    }
  },
  "inform_water_below_10cm": {
    "precision": 0.7777777777777778,
    "recall": 0.4666666666666667,
    "f1-score": 0.5833333333333334,
    "support": 15,
    "confused_with": {
      "inform_water_10_30cm": 3,
      "inform_floor_basement": 1
    }
  },
  "inform_floor_upper": {
    "precision": 0.7647058823529411,
    "recall": 0.8666666666666667,
    "f1-score": 0.8125,
    "support": 15,
    "confused_with": {
      "inform_floor_ground": 1,
      "report_trapped": 1
    }
  },
  "request_forecast": {
    "precision": 0.875,
    "recall": 0.9333333333333333,
    "f1-score": 0.9032258064516129,
    "support": 15,
    "confused_with": {
      "inform_temp_normal": 1
    }
  },
  "inform_medical_critical": {
    "precision": 0.68,
    "recall": 0.6538461538461539,
    "f1-score": 0.6666666666666666,
    "support": 26,
    "confused_with": {
      "report_wildfire": 2,
      "inform_medical_injured": 2
    }
  },
  "inform_trend_slowly": {
    "precision": 0.5333333333333333,
    "recall": 0.5333333333333333,
    "f1-score": 0.5333333333333333,
    "support": 15,
    "confused_with": {
      "report_flood": 1,
      "goodbye": 1
    }
  },
  "request_safe_menu": {
    "precision": 0.8461538461538461,
    "recall": 0.9166666666666666,
    "f1-score": 0.8799999999999999,
    "support": 12,
    "confused_with": {
      "request_general_info": 1
    }
  },
  "inform_fire_surrounding": {
    "precision": 1.0,
    "recall": 0.9333333333333333,
    "f1-score": 0.9655172413793104,
    "support": 15,
    "confused_with": {
      "inform_fire_nearby": 1
    }
  },
  "inform_water_10_30cm": {
    "precision": 0.4,
    "recall": 0.5333333333333333,
    "f1-score": 0.4571428571428572,
    "support": 15,
    "confused_with": {
      "inform_water_30_60cm": 5,
      "inform_water_above_60cm": 1
    }
  },
  "request_supply_points": {
    "precision": 0.875,
    "recall": 0.9333333333333333,
    "f1-score": 0.9032258064516129,
    "support": 15,
    "confused_with": {
      "report_flood": 1
    }
  },
  "inform_building_ground": {
    "precision": 0.5555555555555556,
    "recall": 0.6666666666666666,
    "f1-score": 0.606060606060606,
    "support": 15,
    "confused_with": {
      "inform_building_mid": 2,
      "inform_medical_none": 1
    }
  },
  "inform_fire_none": {
    "precision": 0.47058823529411764,
    "recall": 0.5333333333333333,
    "f1-score": 0.5,
    "support": 15,
    "confused_with": {
      "inform_fire_visible": 4,
      "inform_temp_normal": 1
    }
  },
  "inform_smoke_none": {
    "precision": 0.5862068965517241,
    "recall": 0.7083333333333334,
    "f1-score": 0.6415094339622641,
    "support": 24,
    "confused_with": {
      "inform_hazard_none": 2,
      "inform_fire_visible": 1
    }
  },
  "inform_duration_long": {
    "precision": 0.8,
    "recall": 0.5333333333333333,
    "f1-score": 0.64,
    "support": 15,
    "confused_with": {
      "inform_duration_medium": 4,
      "inform_duration_short": 2
    }
  },
  "change_location": {
    "precision": 1.0,
    "recall": 0.9166666666666666,
    "f1-score": 0.9565217391304348,
    "support": 12,
    "confused_with": {
      "request_general_info": 1
    }
  },