{
  "inform_water_below_10cm": {
    "precision": 0.6153846153846154,
    "recall": 0.5333333333333333,
    "f1-score": 0.5714285714285715,
    "support": 15,
    "confused_with": {
      "inform_water_10_30cm": 3,
      "inform_trend_slowly": 1
    }
  },
  "request_evacuation_info": {
    "precision": 0.8666666666666667,
    "recall": 0.8666666666666667,
    "f1-score": 0.8666666666666667,
    "support": 15,
    "confused_with": {
      "report_trapped": 1,
      "report_safe": 1
    }
  },
  "inform_smoke_none": {
    "precision": 0.8,
    "recall": 0.6666666666666666,
    "f1-score": 0.7272727272727272,
    "support": 24,
    "confused_with": {
      "inform_temp_normal": 2,
      "inform_smoke_slight": 1
    }
  },
  "inform_duration_short": {
    "precision": 0.5833333333333334,
    "recall": 0.4666666666666667,
    "f1-score": 0.5185185185185186,
    "support": 15,
    "confused_with": {
      "inform_duration_medium": 7,
      "report_outage": 1
    }
  },
  "inform_building_mid": {
    "precision": 0.7857142857142857,
    "recall": 0.7333333333333333,
    "f1-score": 0.7586206896551724,
    "support": 15,
    "confused_with": {
      "inform_building_ground": 2,
      "inform_building_high": 2
    }
  },
  "report_emergency": {
    "precision": 0.7333333333333333,
    "recall": 0.7333333333333333,
    "f1-score": 0.7333333333333333,
    "support": 30,
    "confused_with": {
      "inform_medical_critical": 2,
      "report_safe": 2
    }
  },
  "inform_hazard_none": {
    "precision": 0.5714285714285714,
    "recall": 0.5333333333333333,
    "f1-score": 0.5517241379310344,
    "support": 15,
    "confused_with": {
      "report_safe": 2,
      "deny": 2
    }
  },
  "inform_building_high": {
    "precision": 0.7142857142857143,
    "recall": 0.6666666666666666,
    "f1-score": 0.689655172413793,
    "support": 15,
    "confused_with": {
      "inform_building_ground": 3,
      "inform_building_mid": 2
    }
  },
  "inform_duration_long": {
    "precision": 0.6428571428571429,
    "recall": 0.6,
    "f1-score": 0.6206896551724138,
    "support": 15,
    "confused_with": {
      "inform_duration_medium": 4,
      "inform_duration_short": 2
    }
  },
  "inform_fire_surrounding": {
    "precision": 1.0,
    "recall": 0.9333333333333333,
    "f1-score": 0.9655172413793104,
    "support": 15,
    "confused_with": {
      "inform_fire_nearby": 1
    }
  },
  "inform_hazard_gas": {
    "precision": 1.0,
    "recall": 1.0,
    "f1-score": 1.0,
    "support": 15,
    "confused_with": {}
  },
  "inform_trend_slowly": {
    "precision": 0.6111111111111112,
    "recall": 0.7333333333333333,
    "f1-score": 0.6666666666666666,
    "support": 15,
    "confused_with": {
      "goodbye": 1,
      "inform_building_ground": 1
    }
  },
  "inform_temp_uncomfortable": {
    "precision": 0.6666666666666666,
    "recall": 0.6666666666666666,
    "f1-score": 0.6666666666666666,
    "support": 15,
    "confused_with": {
      "inform_temp_normal": 3,
      "inform_temp_dangerous": 1
    }
  },
  "inform_floor_basement": {
    "precision": 0.7647058823529411,
    "recall": 0.8666666666666667,
    "f1-score": 0.8125,
    "support": 15,
    "confused_with": {
      "inform_medical_injured": 1,
      "inform_floor_ground": 1
    }
  },
  "report_flood": {
    "precision": 0.8333333333333334,
    "recall": 0.8,
    "f1-score": 0.816326530612245,
    "support": 25,
    "confused_with": {
      "goodbye": 1,
      "inform_trend_fast": 1
    }
  },
  "change_location": {
    "precision": 1.0,
    "recall": 0.8333333333333334,
    "f1-score": 0.9090909090909091,
    "support": 12,
    "confused_with": {
      "request_supply_points": 1,
      "request_general_info": 1
    }
  },
  "inform_temp_normal": {
    "precision": 0.5882352941176471,
    "recall": 0.6666666666666666,
    "f1-score": 0.625,
    "support": 15,
    "confused_with": {
      "inform_temp_uncomfortable": 2,
      "inform_hazard_none": 2
    }
  },
  "report_wildfire": {
    "precision": 0.9166666666666666,
    "recall": 0.88,
    "f1-score": 0.8979591836734694,
    "support": 25,
    "confused_with": {
      "inform_hazard_fire": 1,
      "inform_fire_nearby": 1
    }
  },
  "inform_smoke_slight": {
    "precision": 0.76,
    "recall": 0.8636363636363636,
    "f1-score": 0.8085106382978724,
    "support": 22,
    "confused_with": {
      "inform_smoke_cant": 2,
      "inform_trend_slowly": 1
    }
  },
  "report_outage": {
    "precision": 0.8461538461538461,
    "recall": 0.88,
    "f1-score": 0.8627450980392156,
    "support": 25,
    "confused_with": {
      "inform_hazard_electricity": 1,
      "report_trapped": 1
    }
  },
  "report_trapped": {
    "precision": 0.8,
    "recall": 0.9333333333333333,
    "f1-score": 0.8615384615384616,
    "support": 30,
    "confused_with": {
      "deny": 1,
      "request_evacuation_info": 1
    }
  },
  "goodbye": {
    "precision": 0.7407407407407407,
    "recall": 0.8333333333333334,
    "f1-score": 0.7843137254901961,
    "support": 24,
    "confused_with": {
      "thank": 2,
      "deny": 1
    }
  },
  "inform_fire_nearby": {
    "precision": 0.6923076923076923,
    "recall": 0.6,
    "f1-score": 0.6428571428571429,
    "support": 15,
    "confused_with": {
      "report_wildfire": 2,
      "inform_temp_dangerous": 1
    }
  },
  "thank": {
    "precision": 0.7857142857142857,
    "recall": 0.9166666666666666,
    "f1-score": 0.8461538461538461,
    "support": 24,
    "confused_with": {
      "goodbye": 1,
      "greet": 1
    }
  },
  "inform_smoke_cant": {
    "precision": 0.8421052631578947,
    "recall": 0.7272727272727273,
    "f1-score": 0.7804878048780488,
    "support": 22,
    "confused_with": {
      "inform_smoke_slight": 4,
      "inform_fire_visible": 1
    }
  },
  "affirm": {
    "precision": 0.8260869565217391,
    "recall": 0.8636363636363636,
    "f1-score": 0.8444444444444444,
    "support": 22,
    "confused_with": {
      "deny": 2,
      "thank": 1
    }
  },
  "inform_trend_stable": {
    "precision": 1.0,
    "recall": 0.5333333333333333,
    "f1-score": 0.6956521739130436,
    "support": 15,
    "confused_with": {
      "inform_trend_slowly": 2,
      "inform_floor_basement": 1
    }
  },
  "request_operator": {
    "precision": 0.9285714285714286,
    "recall": 0.8666666666666667,
    "f1-score": 0.896551724137931,
    "support": 15,
    "confused_with": {
      "inform_smoke_slight": 1,
      "inform_medical_injured": 1
    }
  },
  "greet": {
    "precision": 0.5,
    "recall": 0.4,
    "f1-score": 0.4444444444444445,
    "support": 10,
    "confused_with": {
      "deny": 2,
      "goodbye": 2
    }
  },
  "inform_floor_ground": {
    "precision": 0.7857142857142857,
    "recall": 0.7333333333333333,
    "f1-score": 0.7586206896551724,
    "support": 15,
    "confused_with": {
      "inform_floor_upper": 2,
      "inform_building_ground": 1
    }
  },
  "inform_fire_none": {
    "precision": 0.8888888888888888,
    "recall": 0.5333333333333333,
    "f1-score": 0.6666666666666667,
    "support": 15,
    "confused_with": {
      "inform_fire_visible": 4,
      "inform_hazard_none": 1
    }
  },
  "inform_floor_upper": {
    "precision": 0.7222222222222222,
    "recall": 0.8666666666666667,
    "f1-score": 0.7878787878787877,
    "support": 15,
    "confused_with": {
      "inform_floor_ground": 1,
      "report_trapped": 1
    }
  },
  "request_supply_points": {
    "precision": 0.9375,
    "recall": 1.0,
    "f1-score": 0.967741935483871,
    "support": 15,
    "confused_with": {}
  },
  "out_of_scope": {
    "precision": 0.6666666666666666,
    "recall": 0.4,
    "f1-score": 0.5,
    "support": 10,
    "confused_with": {
      "request_safe_menu": 2,
      "request_operator": 1
    }
  },
  "inform_water_above_60cm": {
    "precision": 0.6923076923076923,
    "recall": 0.6,
    "f1-score": 0.6428571428571429,
    "support": 15,
    "confused_with": {
      "inform_medical_critical": 1,
      "inform_floor_upper": 1
    }
  },