{
  "goodbye": {
    "precision": 0.9090909090909091,
    "recall": 0.8333333333333334,
    "f1-score": 0.8695652173913043,
    "support": 24,
    "confused_with": {
      "greet": 1,
      "inform_medical_injured": 1
    }
  },
  "inform_building_mid": {
    "precision": 0.8,
    "recall": 0.8,
    "f1-score": 0.8000000000000002,
    "support": 15,
    "confused_with": {
      "inform_building_high": 3
    }
  },
  "inform_duration_medium": {
    "precision": 0.8571428571428571,
    "recall": 0.8,
    "f1-score": 0.8275862068965518,
    "support": 15,
    "confused_with": {
      "inform_duration_long": 2,
      "report_outage": 1
    }
  },
  "inform_duration_long": {
    "precision": 0.8,
    "recall": 0.8,
    "f1-score": 0.8000000000000002,
    "support": 15,
    "confused_with": {
      "inform_duration_short": 2,
      "inform_duration_medium": 1
    }
  },
  "report_outage": {
    "precision": 0.8275862068965517,
    "recall": 0.96,
    "f1-score": 0.888888888888889,
    "support": 25,
    "confused_with": {
      "inform_smoke_slight": 1
    }
  },
  "request_general_info": {
    "precision": 0.8333333333333334,
    "recall": 0.8333333333333334,
    "f1-score": 0.8333333333333334,
    "support": 18,
    "confused_with": {
      "report_emergency": 2,
      "request_warnings": 1
    }
  },
  "inform_hazard_fire": {
    "precision": 0.6818181818181818,
    "recall": 1.0,
    "f1-score": 0.8108108108108109,
    "support": 15,
    "confused_with": {}
  },
  "inform_fire_nearby": {
    "precision": 0.6470588235294118,
    "recall": 0.7333333333333333,
    "f1-score": 0.6875,
    "support": 15,
    "confused_with": {
      "inform_hazard_fire": 2,
      "inform_fire_surrounding": 1
    }
  },
  "inform_fire_surrounding": {
    "precision": 0.9166666666666666,
    "recall": 0.7333333333333333,
    "f1-score": 0.8148148148148148,
    "support": 15,
    "confused_with": {
      "inform_fire_nearby": 3,
      "inform_hazard_fire": 1
    }
  },
  "deny": {
    "precision": 0.5769230769230769,
    "recall": 0.625,
    "f1-score": 0.6,
    "support": 24,
    "confused_with": {
      "affirm": 3,
      "inform_medical_critical": 1
    }
  },
  "request_evacuation_info": {
    "precision": 0.9285714285714286,
    "recall": 0.8666666666666667,
    "f1-score": 0.896551724137931,
    "support": 15,
    "confused_with": {
      "report_safe": 1,
      "report_outage": 1
    }
  },
  "inform_building_ground": {
    "precision": 0.9285714285714286,
    "recall": 0.8666666666666667,
    "f1-score": 0.896551724137931,
    "support": 15,
    "confused_with": {
      "inform_building_mid": 1,
      "request_emergency_numbers": 1
    }
  },
  "request_warnings": {
    "precision": 0.8235294117647058,
    "recall": 0.9333333333333333,
    "f1-score": 0.8749999999999999,
    "support": 15,
    "confused_with": {
      "change_location": 1
    }
  },
  "request_operator": {
    "precision": 1.0,
    "recall": 0.9333333333333333,
    "f1-score": 0.9655172413793104,
    "support": 15,
    "confused_with": {
      "report_emergency": 1
    }
  },
  "report_emergency": {
    "precision": 0.7333333333333333,
    "recall": 0.7333333333333333,
    "f1-score": 0.7333333333333333,
    "support": 30,
    "confused_with": {
      "inform_medical_critical": 3,
      "report_safe": 2
    }
  },
  "inform_hazard_gas": {
    "precision": 1.0,
    "recall": 1.0,
    "f1-score": 1.0,
    "support": 15,
    "confused_with": {}
  },
  "request_supply": {
    "precision": 1.0,
    "recall": 0.9333333333333333,
    "f1-score": 0.9655172413793104,
    "support": 15,
    "confused_with": {
      "inform_medical_medications": 1
    }
  },
  "inform_medical_none": {
    "precision": 0.8846153846153846,
    "recall": 0.92,
    "f1-score": 0.9019607843137256,
    "support": 25,
    "confused_with": {
      "inform_medical_injured": 2
    }
  },
  "inform_medical_injured": {
    "precision": 0.7692307692307693,
    "recall": 0.8,
    "f1-score": 0.7843137254901961,
    "support": 25,
    "confused_with": {
      "inform_medical_medications": 1,
      "report_emergency": 1
    }
  },
  "inform_fire_none": {
    "precision": 0.6666666666666666,
    "recall": 0.5333333333333333,
    "f1-score": 0.5925925925925926,
    "support": 15,
    "confused_with": {
      "inform_fire_visible": 4,
      "inform_hazard_fire": 1
    }
  },
  "inform_floor_ground": {
    "precision": 0.6875,
    "recall": 0.7333333333333333,
    "f1-score": 0.7096774193548386,
    "support": 15,
    "confused_with": {
      "inform_floor_upper": 2,
      "inform_floor_basement": 2
    }
  },
  "out_of_scope": {
    "precision": 1.0,
    "recall": 0.5,
    "f1-score": 0.6666666666666666,
    "support": 10,
    "confused_with": {
      "request_emergency_numbers": 1,
      "request_supply_points": 1
    }
  },
  "request_supply_points": {
    "precision": 0.9333333333333333,
    "recall": 0.9333333333333333,
    "f1-score": 0.9333333333333333,
    "support": 15,
    "confused_with": {
      "change_location": 1
    }
  },
  "inform_duration_short": {
    "precision": 0.8235294117647058,
    "recall": 0.9333333333333333,
    "f1-score": 0.8749999999999999,
    "support": 15,
    "confused_with": {
      "inform_duration_medium": 1
    }
  },
  "inform_trend_stable": {
    "precision": 0.9,
    "recall": 0.6,
    "f1-score": 0.7200000000000001,
    "support": 15,
    "confused_with": {
      "inform_floor_ground": 2,
      "deny": 1
    }
  },
  "report_flood": {
    "precision": 0.92,
    "recall": 0.92,
    "f1-score": 0.92,
    "support": 25,
    "confused_with": {
      "inform_trend_fast": 1,
      "inform_water_above_60cm": 1
    }
  },
  "request_emergency_numbers": {
    "precision": 0.8823529411764706,
    "recall": 1.0,
    "f1-score": 0.9375,
    "support": 15,
    "confused_with": {}
  },
  "inform_fire_visible": {
    "precision": 0.7142857142857143,
    "recall": 0.6666666666666666,
    "f1-score": 0.689655172413793,
    "support": 15,
    "confused_with": {
      "inform_hazard_fire": 2,
      "inform_fire_none": 2
    }
  },
  "thank": {
    "precision": 0.8888888888888888,
    "recall": 1.0,
    "f1-score": 0.9411764705882353,
    "support": 24,
    "confused_with": {}
  },
  "request_forecast": {
    "precision": 1.0,
    "recall": 1.0,
    "f1-score": 1.0,
    "support": 15,
    "confused_with": {}
  },
  "inform_trend_fast": {
    "precision": 0.6153846153846154,
    "recall": 0.5333333333333333,
    "f1-score": 0.5714285714285715,
    "support": 15,
    "confused_with": {
      "inform_trend_slowly": 4,
      "inform_water_30_60cm": 1
    }
  },
  "inform_water_below_10cm": {
    "precision": 0.6875,
    "recall": 0.7333333333333333,
    "f1-score": 0.7096774193548386,
    "support": 15,
    "confused_with": {
      "inform_water_10_30cm": 2,
      "inform_medical_medications": 1
    }
  },
  "inform_floor_upper": {
    "precision": 0.7333333333333333,
    "recall": 0.7333333333333333,
    "f1-score": 0.7333333333333333,
    "support": 15,
    "confused_with": {
      "inform_hazard_electricity": 1,
      "inform_floor_ground": 1
    }
  },
  "inform_smoke_cant": {
    "precision": 0.8666666666666667,
    "recall": 0.5909090909090909,
    "f1-score": 0.7027027027027029,
    "support": 22,
    "confused_with": {
      "inform_smoke_slight": 5,
      "inform_smoke_none": 4
    }
  },
  "report_safe": {
    "precision": 0.8,
    "recall": 0.96,
    "f1-score": 0.8727272727272728,
    "support": 25,
    "confused_with": {
      "deny": 1
    }
  },
  "request_safe_menu": {
    "precision": 0.9166666666666666,
    "recall": 0.9166666666666666,
    "f1-score": 0.9166666666666666,
    "support": 12,
    "confused_with": {
      "request_general_info": 1
    }
  },
  "inform_hazard_electricity": {
    "precision": 0.8461538461538461,
    "recall": 0.7333333333333333,
    "f1-score": 0.7857142857142856,
    "support": 15,
    "confused_with": {
      "report_outage": 3,
      "inform_duration_short": 1
    }
  },