{
  "request_evacuation_info": {
    "precision": 1.0,
    "recall": 0.7333333333333333,
    "f1-score": 0.846153846153846,
    "support": 15,
    "confused_with": {
      "report_safe": 1,
      "inform_medical_none": 1
    }
  },
  "report_trapped": {
    "precision": 0.9354838709677419,
    "recall": 0.9666666666666667,
    "f1-score": 0.9508196721311476,
    "support": 30,
    "confused_with": {
      "report_flood": 1
    }
  },
  "inform_building_high": {
    "precision": 1.0,
    "recall": 0.8666666666666667,
    "f1-score": 0.9285714285714286,
    "support": 15,
    "confused_with": {
      "inform_building_ground": 1,
      "inform_building_mid": 1
    }
  },
  "inform_fire_surrounding": {
    "precision": 0.8125,
    "recall": 0.8666666666666667,
    "f1-score": 0.8387096774193549,
    "support": 15,
    "confused_with": {
      "deny": 1,
      "inform_hazard_fire": 1
    }
  },
  "inform_medical_critical": {
    "precision": 0.6666666666666666,
    "recall": 0.6923076923076923,
    "f1-score": 0.6792452830188679,
    "support": 26,
    "confused_with": {
      "report_emergency": 2,
      "inform_medical_injured": 2
    }
  },
  "inform_smoke_cant": {
    "precision": 0.8,
    "recall": 0.7272727272727273,
    "f1-score": 0.761904761904762,
    "support": 22,
    "confused_with": {
      "inform_smoke_slight": 2,
      "inform_medical_critical": 2
    }
  },
  "request_supply": {
    "precision": 0.8571428571428571,
    "recall": 0.8,
    "f1-score": 0.8275862068965518,
    "support": 15,
    "confused_with": {
      "inform_medical_medications": 3
    }
  },
  "inform_hazard_electricity": {
    "precision": 0.9285714285714286,
    "recall": 0.8666666666666667,
    "f1-score": 0.896551724137931,
    "support": 15,
    "confused_with": {
      "report_outage": 2
    }
  },
  "inform_water_30_60cm": {
    "precision": 0.5,
    "recall": 0.6666666666666666,
    "f1-score": 0.5714285714285715,
    "support": 15,
    "confused_with": {
      "inform_water_below_10cm": 3,
      "inform_water_10_30cm": 2
    }
  },
  "inform_water_below_10cm": {
    "precision": 0.38461538461538464,
    "recall": 0.3333333333333333,
    "f1-score": 0.3571428571428571,
    "support": 15,
    "confused_with": {
      "inform_water_10_30cm": 4,
      "inform_water_above_60cm": 3
    }
  },
  "inform_temp_uncomfortable": {
    "precision": 1.0,
    "recall": 0.8666666666666667,
    "f1-score": 0.9285714285714286,
    "support": 15,
    "confused_with": {
      "deny": 1,
      "inform_temp_normal": 1
    }
  },
  "inform_building_mid": {
    "precision": 0.8333333333333334,
    "recall": 1.0,
    "f1-score": 0.9090909090909091,
    "support": 15,
    "confused_with": {}
  },
  "inform_trend_stable": {
    "precision": 0.625,
    "recall": 0.3333333333333333,
    "f1-score": 0.43478260869565216,
    "support": 15,
    "confused_with": {
      "deny": 2,
      "inform_temp_normal": 2
    }
  },
  "inform_temp_dangerous": {
    "precision": 0.8181818181818182,
    "recall": 0.6,
    "f1-score": 0.6923076923076923,
    "support": 15,
    "confused_with": {
      "inform_temp_normal": 4,
      "inform_medical_critical": 1
    }
  },
  "deny": {
    "precision": 0.5714285714285714,
    "recall": 0.6666666666666666,
    "f1-score": 0.6153846153846153,
    "support": 24,
    "confused_with": {
      "affirm": 4,
      "inform_trend_stable": 2
    }
  },
  "inform_duration_short": {
    "precision": 0.7647058823529411,
    "recall": 0.8666666666666667,
    "f1-score": 0.8125,
    "support": 15,
    "confused_with": {
      "inform_duration_medium": 1,
      "report_outage": 1
    }
  },
  "report_emergency": {
    "precision": 0.78125,
    "recall": 0.8333333333333334,
    "f1-score": 0.8064516129032259,
    "support": 30,
    "confused_with": {
      "affirm": 1,
      "deny": 1
    }
  },
  "inform_medical_none": {
    "precision": 0.9166666666666666,
    "recall": 0.88,
    "f1-score": 0.8979591836734694,
    "support": 25,
    "confused_with": {
      "inform_hazard_none": 2,
      "inform_trend_stable": 1
    }
  },
  "inform_smoke_none": {
    "precision": 0.7931034482758621,
    "recall": 0.9583333333333334,
    "f1-score": 0.8679245283018867,
    "support": 24,
    "confused_with": {
      "inform_fire_none": 1
    }
  },
  "request_safe_menu": {
    "precision": 0.9090909090909091,
    "recall": 0.8333333333333334,
    "f1-score": 0.8695652173913043,
    "support": 12,
    "confused_with": {
      "affirm": 1,
      "request_general_info": 1
    }
  },
  "report_wildfire": {
    "precision": 0.9583333333333334,
    "recall": 0.92,
    "f1-score": 0.9387755102040817,
    "support": 25,
    "confused_with": {
      "inform_hazard_fire": 2
    }
  },
  "inform_hazard_fire": {
    "precision": 0.5714285714285714,
    "recall": 0.8,
    "f1-score": 0.6666666666666666,
    "support": 15,
    "confused_with": {
      "inform_fire_surrounding": 2,
      "report_wildfire": 1
    }
  },
  "greet": {
    "precision": 0.75,
    "recall": 0.6,
    "f1-score": 0.6666666666666665,
    "support": 10,
    "confused_with": {
      "deny": 3,
      "report_outage": 1
    }
  },
  "inform_trend_fast": {
    "precision": 0.7333333333333333,
    "recall": 0.7333333333333333,
    "f1-score": 0.7333333333333333,
    "support": 15,
    "confused_with": {
      "report_flood": 3,
      "inform_trend_slowly": 1
    }
  },
  "inform_water_10_30cm": {
    "precision": 0.5384615384615384,
    "recall": 0.4666666666666667,
    "f1-score": 0.5,
    "support": 15,
    "confused_with": {
      "inform_water_30_60cm": 5,
      "inform_water_below_10cm": 2
    }
  },
  "inform_floor_ground": {
    "precision": 0.75,
    "recall": 0.8,
    "f1-score": 0.7741935483870969,
    "support": 15,
    "confused_with": {
      "inform_floor_upper": 3
    }
  },
  "inform_hazard_none": {
    "precision": 0.6111111111111112,
    "recall": 0.7333333333333333,
    "f1-score": 0.6666666666666666,
    "support": 15,
    "confused_with": {
      "inform_fire_none": 1,
      "deny": 1
    }
  },
  "inform_smoke_slight": {
    "precision": 0.7727272727272727,
    "recall": 0.7727272727272727,
    "f1-score": 0.7727272727272727,
    "support": 22,
    "confused_with": {
      "inform_smoke_cant": 3,
      "thank": 1
    }
  },
  "inform_hazard_gas": {
    "precision": 0.9375,
    "recall": 1.0,
    "f1-score": 0.967741935483871,
    "support": 15,
    "confused_with": {}
  },
  "request_general_info": {
    "precision": 0.7368421052631579,
    "recall": 0.7777777777777778,
    "f1-score": 0.7567567567567567,
    "support": 18,
    "confused_with": {
      "request_forecast": 2,
      "request_warnings": 1
    }
  },
  "inform_floor_basement": {
    "precision": 0.8333333333333334,
    "recall": 0.6666666666666666,
    "f1-score": 0.7407407407407408,
    "support": 15,
    "confused_with": {
      "inform_floor_upper": 3,
      "inform_duration_long": 1
    }
  },
  "inform_building_ground": {
    "precision": 0.9166666666666666,
    "recall": 0.7333333333333333,
    "f1-score": 0.8148148148148148,
    "support": 15,
    "confused_with": {
      "inform_building_mid": 2,
      "inform_duration_short": 1
    }
  },
  "out_of_scope": {
    "precision": 1.0,
    "recall": 0.4,
    "f1-score": 0.5714285714285715,
    "support": 10,
    "confused_with": {
      "request_emergency_numbers": 1,
      "report_trapped": 1
    }
  },
  "request_forecast": {
    "precision": 0.8,
    "recall": 0.8,
    "f1-score": 0.8000000000000002,
    "support": 15,
    "confused_with": {
      "request_general_info": 2,
      "inform_smoke_none": 1
    }
  },
  "inform_fire_nearby": {
    "precision": 0.6923076923076923,
    "recall": 0.6,
    "f1-score": 0.6428571428571429,
    "support": 15,
    "confused_with": {
      "inform_hazard_fire": 4,
      "inform_fire_surrounding": 1
    }
  },
  "report_flood": {
    "precision": 0.7857142857142857,
    "recall": 0.88,
    "f1-score": 0.830188679245283,
    "support": 25,